{
  "inventory": [
    {
      "id": 1,
      "product_name": "Weetabix",
      "product_category": "Cereal",
      "unit_price": "501"
    },
    {
      "id": 2,
      "product_name": "Colgate Toothpaste",
      "product_category": "Toiletries",
      "unit_price": "119"
    },
    {
      "id": 3,
      "product_name": "Imperial Leather Soap",
      "product_category": "Toiletries",
      "unit_price": "235"
    },
    {
      "id": 4,
      "product_name": "Sunlight Detergent",
      "product_category": "Toiletries",
      "unit_price": "401"
    }
  ]
}
